{"mu":[0.14296447360692055,0.15579210530574383,0.16483355181193665,0.15217236762768344,0.17867039386673192,0.17153158029051205,0.17941973683130191,0.17786776295274889,0.17400592055759931,0.22463816108096293,0.15094670946832353,0.11528157837701176,-0.10777119487730703,0.17594011234277449,0.3004693670604402,0.15759934158178798],"sigma":[0.17793084059273812,0.18335264691157463,0.17069671588107904,0.17385358006855714,0.1843440432551888,0.20317828012028033,0.20590155804828617,0.20391007799085661,0.21425734653051223,0.31945483284470549,0.20306221869610391,0.16975707047670033,0.35259218190008579,0.37492015944574053,0.38350607148523019,0.17526777780801017],"numBands":16,"bandLabels":["B01","B02","B03","B04","B05","B06","B07","B08","B8A","B09","B11","B12"],"classNames":["Seagrass","Sand","Water","Clouds"],"ndwiWaterThresh":0.02,"mndwiWaterThresh":0.02,"cloudLowConfThresh":0.5,"sandHighConfThresh":0.5,"inlandNdwiThresh":-0.05,"coastalKernelSize":11}